--NACAO:
INSERT INTO NACAO VALUES ('Brasil','SA','link para imagem da bandeira','letra do hino do país','50');
INSERT INTO NACAO VALUES ('Japão','AO','link para imagem da bandeira','letra do hino do país','40');
INSERT INTO NACAO VALUES ('Estados Unidos da America','NA','link para imagem da bandeira','letra do hino do país','70');

--PARTICIPANTE:
INSERT INTO PARTICIPANTE VALUES ('AA43235434','Brasil','1995-02-22','José Silva','0');
INSERT INTO PARTICIPANTE VALUES ('CY43459834','Japão','1991-05-19','Yamamoto Musashi','0');
INSERT INTO PARTICIPANTE VALUES ('AB76237734','Brasil','1994-03-07','Mary Jonas','1');

--PREPARADOR:
INSERT INTO PREPARADOR VALUES (1143235434,'SP',34245632510,'josesilva@gmail.com','ak47tknife','São Carlos');
INSERT INTO PREPARADOR VALUES (1243459834,'HK',45124632510,'takeso@gmail.com','akidosushido','Izumo');
INSERT INTO PREPARADOR VALUES (1376237734,'NY',34221324320,'MJonas@gmail.com','45MJnk9','New York');

--TELEFONE_PREPARADOR:
INSERT INTO TELEFONE_PREPARADOR VALUES (1143235434,16992654350);
INSERT INTO TELEFONE_PREPARADOR VALUES (1243459834,1133714456);
INSERT INTO TELEFONE_PREPARADOR VALUES (1376237734,13981655467);

--ROTINA:
INSERT INTO ROTINA VALUES (1143235434,'2017-02-25','descrição da bagaça toda');
INSERT INTO ROTINA VALUES (1243459834,'2017-02-22','descrição da bagaça toda');
INSERT INTO ROTINA VALUES (1376237734,'2017-02-11','descrição da bagaça toda');

--TREINO:
INSERT INTO TREINO VALUES (453,'descrição do treino todo');
INSERT INTO TREINO VALUES (133,'descrição do treino todo');
INSERT INTO TREINO VALUES (573,'descrição do treino todo');

--EXERCICIOS:
INSERT INTO EXERCICIOS VALUES (453,'sequencia de exercicios sugeridos');
INSERT INTO EXERCICIOS VALUES (133,'sequencia de exercicios sugeridos');
INSERT INTO EXERCICIOS VALUES (573,'sequencia de exercicios sugeridos');

--DIAS_TREINO:
INSERT INTO DIAS_TREINO VALUES (453,'2017-02-25');
INSERT INTO DIAS_TREINO VALUES (133,'2017-02-22');
INSERT INTO DIAS_TREINO VALUES (573,'2017-02-11');

--PREPARACAO:
INSERT INTO PREPARACAO VALUES (123,'dieta do atleta',8);
INSERT INTO PREPARACAO VALUES (134,'dieta do atleta',10);
INSERT INTO PREPARACAO VALUES (562,'dieta do atleta',7);

--AQUECIMENTOS:
INSERT INTO AQUECIMENTOS VALUES (0, 'exercicios de aquecimento');
INSERT INTO AQUECIMENTOS VALUES (1, 'exercicios de aquecimento');
INSERT INTO AQUECIMENTOS VALUES (2, 'exercicios de aquecimento');

--PREP_TREINO:
INSERT INTO PREP_TREINO VALUES (0,8);
INSERT INTO PREP_TREINO VALUES (1,6);
INSERT INTO PREP_TREINO VALUES (2,4);

--RECUPERACAO:
INSERT INTO RECUPERACAO VALUES (0,2);
INSERT INTO RECUPERACAO VALUES (1,3);
INSERT INTO RECUPERACAO VALUES (2,4);

--ALONGAMENTOS:
INSERT INTO ALONGAMENTOS VALUES (0,'series de alongamentos');
INSERT INTO ALONGAMENTOS VALUES (1,'series de alongamentos');
INSERT INTO ALONGAMENTOS VALUES (2,'series de alongamentos');

--REC_TREINO:
INSERT INTO REC_TREINO VALUES (0,0);
INSERT INTO REC_TREINO VALUES (1,1);
INSERT INTO REC_TREINO VALUES (2,2);

--ATLETA:
INSERT INTO ATLETA VALUES (3143115434,80,180);
INSERT INTO ATLETA VALUES (4553115400,70,175);
INSERT INTO ATLETA VALUES (5163100497,60,160);

--SEGUE:
INSERT INTO SEGUE VALUES (3143115434,1143235434,'2017-02-25');
INSERT INTO SEGUE VALUES (4553115400,1243459834,'2017-02-22');
INSERT INTO SEGUE VALUES (5163100497,1376237734,'2017-02-11');

--MODALIDADE:
INSERT INTO MODALIDADE VALUES (1111,'futebol masculino','jogo de bola versão masculina');
INSERT INTO MODALIDADE VALUES (2223,'futebol feminino','jogo de bola versão feminina');
INSERT INTO MODALIDADE VALUES (3334,'tenis de mesa','ping pong com bolinhas e raquetes');

--COMPETE:
INSERT INTO COMPETE VALUES (3143115434,0);
INSERT INTO COMPETE VALUES (4553115400,1);
INSERT INTO COMPETE VALUES (5163100497,2);

--LESAO:
INSERT INTO LESAO VALUES (556, "descricao da lesao 556");
INSERT INTO LESAO VALUES (546, "descricao da lesao 546");
INSERT INTO LESAO VALUES (555, "descricao da lesao 555");

--MEDICO
INSERT INTO MEDICO VALUES ('Mario Andrade','81246',856432342,'rua sete de setembro, vila nery, 345');
INSERT INTO MEDICO VALUES ('Mario Andrade','54325',811433383,'rua rua 15 de novembro, vila faria, 1512');
INSERT INTO MEDICO VALUES ('Mario Andrade','33864',456419304,'rua das rosas, cidade jardin, 64');

--TELEFONE_MEDICO:
INSERT INTO TELEFONE_MEDICO VALUES (856432342,1933456382);
INSERT INTO TELEFONE_MEDICO VALUES (811433383,16981456543);
INSERT INTO TELEFONE_MEDICO VALUES (456419304,1133714622);

--DIAGNOSTICO:
INSERT INTO DIAGNOSTICO VALUES (213,'diagnostico numero 213');
INSERT INTO DIAGNOSTICO VALUES (456,'diagnostico numero 456');
INSERT INTO DIAGNOSTICO VALUES (982,'diagnostico numero 982');

--METODO_DE_TRATAMENTO:
INSERT INTO METODO_DE_TRATAMENTO VALUES (361,213,'metodo de tratamento para diagnostico 213',90.45);
INSERT INTO METODO_DE_TRATAMENTO VALUES (361,213,'metodo de tratamento para diagnostico 213',98.35);
INSERT INTO METODO_DE_TRATAMENTO VALUES (456,456,'metodo de tratamento para diagnostico 456',50.11);

--ACOMPANHA:
INSERT INTO ACOMPANHA VALUES (456419304,556,3143115434);
INSERT INTO ACOMPANHA VALUES (811433383,546,4553115400);
INSERT INTO ACOMPANHA VALUES (811433383,546,5163100497);

--DOPING:
INSERT INTO DOPING VALUES (456419304,3143115434,1111,'2017-02-25',1);
INSERT INTO DOPING VALUES (811433383,4553115400,2223,'2017-01-03',0);
INSERT INTO DOPING VALUES (856432342,5163100497,3334,'2017-03-19',0);

--CONSULTA:
INSERT INTO CONSULTA VALUES (456419304,4553115400,'2017-03-25',213);
INSERT INTO CONSULTA VALUES (456419304,3143115434,'2017-02-14',456);
INSERT INTO CONSULTA VALUES (856432342,5163100497,'2017-02-09',982);

--SINTOMAS:
INSERT INTO SINTOMAS VALUES (456419304,4553115400,'2017-03-25','dores no joelho esquerdo');
INSERT INTO SINTOMAS VALUES (456419304,4553115400,'2017-03-25','dificuldade para respirar');
INSERT INTO SINTOMAS VALUES (856432342,5163100497,'2017-02-09','dores de cabeça fortes');

--1 - Select
--SELECT nome, nro_passaporte, nacao, data_nasc FROM PARTICIPANTE, ATLETA, CONSULTA, SEGUE 
  --WHERE 'atletaA' = CONSULTA.paciente AND 'medicoB' = CONSULTA.medico AND 'preparadorC' = SEGUE.preparador AND 'atletaA' = SEGUE.atleta;